frame,color,n_inrange,reason
3,blue,0,COLOR_MISS
4,blue,0,COLOR_MISS
8,red,WB,TOO_SMALL
13,red,WB,TOO_SMALL
14,red,WB,TOO_SMALL
125,yellow,WB,HIT_BUT_BEST_WRONG
125,blue,109140,TOO_SMALL
126,yellow,WB,HIT_BUT_BEST_WRONG
126,blue,102255,TOO_SMALL
127,blue,117810,TOO_SMALL
128,blue,106845,TOO_SMALL
129,yellow,WB,HIT_BUT_BEST_WRONG
129,blue,114750,TOO_SMALL
130,yellow,WB,HIT_BUT_BEST_WRONG
130,blue,112710,TOO_SMALL
131,blue,128265,TOO_SMALL
132,blue,125205,TOO_SMALL
133,blue,132855,TOO_SMALL
134,blue,133365,TOO_SMALL
135,blue,152490,TOO_SMALL
136,blue,151215,TOO_SMALL
137,blue,155805,TOO_SMALL
138,blue,163710,TOO_SMALL
139,blue,199665,TOO_SMALL
140,blue,197625,TOO_SMALL
141,red,WB,SHAPE_MISS
141,blue,228225,TOO_SMALL
142,red,WB,SHAPE_MISS
142,blue,230265,TOO_SMALL
143,blue,245820,TOO_SMALL
144,red,1038615,SHAPE_MISS
144,blue,246840,TOO_SMALL
145,blue,294015,TOO_SMALL
146,blue,294015,TOO_SMALL
147,red,WB,TOO_SMALL
147,blue,342465,SHAPE_MISS
148,red,WB,TOO_SMALL
148,blue,353685,SHAPE_MISS
149,red,WB,HIT_BUT_BEST_WRONG
149,blue,357765,SHAPE_MISS
150,red,WB,HIT_BUT_BEST_WRONG
150,blue,362610,SHAPE_MISS
151,red,WB,HIT_BUT_BEST_WRONG
151,blue,388620,SHAPE_MISS
152,blue,389895,SHAPE_MISS
153,blue,467160,SHAPE_MISS
154,blue,472515,SHAPE_MISS
155,blue,506940,SHAPE_MISS
156,blue,507450,SHAPE_MISS
157,blue,554625,SHAPE_MISS
158,blue,546210,SHAPE_MISS
159,blue,WB,SHAPE_MISS
160,blue,WB,SHAPE_MISS
161,blue,WB,SHAPE_MISS
162,blue,WB,SHAPE_MISS
163,blue,WB,SHAPE_MISS
164,blue,WB,SHAPE_MISS
165,blue,WB,SHAPE_MISS
166,blue,WB,SHAPE_MISS
167,yellow,WB,HIT_BUT_BEST_WRONG
167,blue,WB,SHAPE_MISS
168,yellow,WB,HIT_BUT_BEST_WRONG
168,blue,WB,SHAPE_MISS
169,red,WB,HIT_BUT_BEST_WRONG
169,blue,WB,SHAPE_MISS
170,red,WB,HIT_BUT_BEST_WRONG
170,blue,WB,SHAPE_MISS
171,yellow,WB,HIT_BUT_BEST_WRONG
171,blue,WB,SHAPE_MISS
172,yellow,WB,HIT_BUT_BEST_WRONG
172,blue,WB,SHAPE_MISS
173,blue,WB,SHAPE_MISS
174,blue,WB,SHAPE_MISS
175,red,WB,HIT_BUT_BEST_WRONG
175,blue,WB,SHAPE_MISS
176,red,WB,HIT_BUT_BEST_WRONG
176,blue,WB,SHAPE_MISS
179,red,315180,HIT_BUT_BEST_WRONG
180,red,315435,HIT_BUT_BEST_WRONG
181,red,WB,HIT_BUT_BEST_WRONG
182,red,WB,HIT_BUT_BEST_WRONG
200,yellow,WB,HIT_BUT_BEST_WRONG
201,yellow,WB,HIT_BUT_BEST_WRONG
202,yellow,WB,HIT_BUT_BEST_WRONG
202,red,WB,COLOR_MISS
203,yellow,WB,HIT_BUT_BEST_WRONG
203,red,WB,COLOR_MISS
204,yellow,WB,HIT_BUT_BEST_WRONG
205,yellow,WB,HIT_BUT_BEST_WRONG
206,yellow,WB,HIT_BUT_BEST_WRONG
207,yellow,WB,HIT_BUT_BEST_WRONG
208,yellow,WB,HIT_BUT_BEST_WRONG
209,yellow,WB,HIT_BUT_BEST_WRONG
210,yellow,WB,HIT_BUT_BEST_WRONG
211,yellow,WB,HIT_BUT_BEST_WRONG
211,red,452115,HIT_BUT_BEST_WRONG
212,yellow,WB,HIT_BUT_BEST_WRONG
212,red,451350,HIT_BUT_BEST_WRONG
213,yellow,WB,TOO_BIG
214,yellow,WB,HIT_BUT_BEST_WRONG
215,yellow,WB,HIT_BUT_BEST_WRONG
216,yellow,WB,HIT_BUT_BEST_WRONG
217,yellow,WB,HIT_BUT_BEST_WRONG
218,yellow,WB,HIT_BUT_BEST_WRONG
219,yellow,WB,HIT_BUT_BEST_WRONG
220,yellow,WB,HIT_BUT_BEST_WRONG
221,yellow,WB,HIT_BUT_BEST_WRONG
241,yellow,WB,HIT_BUT_BEST_WRONG
242,yellow,WB,HIT_BUT_BEST_WRONG
243,yellow,WB,HIT_BUT_BEST_WRONG
260,yellow,WB,HIT_BUT_BEST_WRONG
260,red,WB,SHAPE_MISS
261,yellow,WB,HIT_BUT_BEST_WRONG
261,red,WB,SHAPE_MISS
262,yellow,WB,SHAPE_MISS
263,yellow,WB,SHAPE_MISS
264,yellow,WB,SHAPE_MISS
265,yellow,WB,SHAPE_MISS
277,yellow,WB,HIT_BUT_BEST_WRONG
278,yellow,WB,HIT_BUT_BEST_WRONG
279,yellow,WB,HIT_BUT_BEST_WRONG
280,yellow,WB,HIT_BUT_BEST_WRONG
281,yellow,WB,HIT_BUT_BEST_WRONG
284,yellow,WB,HIT_BUT_BEST_WRONG
285,yellow,WB,HIT_BUT_BEST_WRONG
286,yellow,WB,SHAPE_MISS
287,yellow,WB,SHAPE_MISS
288,yellow,WB,SHAPE_MISS
289,yellow,WB,SHAPE_MISS
290,yellow,WB,HIT_BUT_BEST_WRONG
291,yellow,WB,HIT_BUT_BEST_WRONG
292,yellow,WB,HIT_BUT_BEST_WRONG
294,yellow,WB,HIT_BUT_BEST_WRONG
295,yellow,WB,HIT_BUT_BEST_WRONG
296,yellow,WB,HIT_BUT_BEST_WRONG
297,yellow,WB,HIT_BUT_BEST_WRONG
322,red,517140,SHAPE_MISS
323,red,513315,SHAPE_MISS
328,yellow,WB,HIT_BUT_BEST_WRONG
329,yellow,WB,HIT_BUT_BEST_WRONG
340,red,WB,COLOR_MISS
341,red,WB,COLOR_MISS
396,blue,WB,TOO_SMALL
397,blue,WB,TOO_SMALL
398,blue,WB,TOO_SMALL
399,blue,WB,TOO_SMALL
404,yellow,WB,HIT_BUT_BEST_WRONG
405,yellow,WB,HIT_BUT_BEST_WRONG
406,yellow,WB,HIT_BUT_BEST_WRONG
407,yellow,WB,HIT_BUT_BEST_WRONG
410,yellow,WB,SHAPE_MISS
411,yellow,WB,SHAPE_MISS
412,yellow,WB,HIT_BUT_BEST_WRONG
413,yellow,WB,HIT_BUT_BEST_WRONG
416,yellow,WB,HIT_BUT_BEST_WRONG
417,yellow,WB,HIT_BUT_BEST_WRONG
418,yellow,WB,HIT_BUT_BEST_WRONG
419,yellow,WB,HIT_BUT_BEST_WRONG
420,yellow,WB,HIT_BUT_BEST_WRONG
421,yellow,WB,HIT_BUT_BEST_WRONG
424,yellow,WB,HIT_BUT_BEST_WRONG
425,yellow,WB,HIT_BUT_BEST_WRONG
426,yellow,WB,HIT_BUT_BEST_WRONG
427,yellow,WB,HIT_BUT_BEST_WRONG
428,yellow,WB,HIT_BUT_BEST_WRONG
429,yellow,WB,HIT_BUT_BEST_WRONG
432,yellow,WB,HIT_BUT_BEST_WRONG
433,yellow,WB,HIT_BUT_BEST_WRONG
436,blue,128520,TOO_SMALL
441,yellow,WB,HIT_BUT_BEST_WRONG
442,yellow,WB,HIT_BUT_BEST_WRONG
443,blue,0,COLOR_MISS
444,blue,0,COLOR_MISS
452,yellow,WB,HIT_BUT_BEST_WRONG
453,yellow,WB,HIT_BUT_BEST_WRONG
454,yellow,WB,HIT_BUT_BEST_WRONG
455,yellow,WB,HIT_BUT_BEST_WRONG
455,blue,0,COLOR_MISS
456,yellow,WB,HIT_BUT_BEST_WRONG
456,blue,0,COLOR_MISS
457,yellow,WB,HIT_BUT_BEST_WRONG
457,blue,0,COLOR_MISS
458,yellow,WB,HIT_BUT_BEST_WRONG
459,yellow,WB,HIT_BUT_BEST_WRONG
472,yellow,WB,HIT_BUT_BEST_WRONG
473,yellow,WB,HIT_BUT_BEST_WRONG
490,yellow,WB,HIT_BUT_BEST_WRONG
521,yellow,WB,TOO_SMALL
522,yellow,WB,TOO_SMALL
523,yellow,WB,TOO_SMALL
524,yellow,WB,TOO_SMALL
533,blue,WB,HIT_BUT_BEST_WRONG
534,blue,WB,HIT_BUT_BEST_WRONG
543,blue,WB,HIT_BUT_BEST_WRONG
546,red,WB,HIT_BUT_BEST_WRONG
546,blue,WB,HIT_BUT_BEST_WRONG
547,blue,WB,HIT_BUT_BEST_WRONG
548,blue,WB,HIT_BUT_BEST_WRONG
549,blue,WB,HIT_BUT_BEST_WRONG
550,blue,WB,HIT_BUT_BEST_WRONG
551,blue,WB,HIT_BUT_BEST_WRONG
552,blue,WB,HIT_BUT_BEST_WRONG
553,blue,WB,HIT_BUT_BEST_WRONG
554,blue,WB,HIT_BUT_BEST_WRONG
586,yellow,WB,HIT_BUT_BEST_WRONG
613,yellow,WB,HIT_BUT_BEST_WRONG
614,yellow,WB,HIT_BUT_BEST_WRONG
631,yellow,WB,HIT_BUT_BEST_WRONG
632,yellow,WB,HIT_BUT_BEST_WRONG
643,yellow,WB,HIT_BUT_BEST_WRONG
644,yellow,WB,HIT_BUT_BEST_WRONG
645,yellow,WB,HIT_BUT_BEST_WRONG
646,yellow,WB,HIT_BUT_BEST_WRONG
651,yellow,WB,HIT_BUT_BEST_WRONG
652,yellow,WB,HIT_BUT_BEST_WRONG
668,yellow,WB,HIT_BUT_BEST_WRONG
683,yellow,WB,HIT_BUT_BEST_WRONG
684,yellow,WB,HIT_BUT_BEST_WRONG
685,yellow,WB,HIT_BUT_BEST_WRONG
686,yellow,WB,HIT_BUT_BEST_WRONG
687,yellow,WB,HIT_BUT_BEST_WRONG
688,yellow,WB,HIT_BUT_BEST_WRONG
707,blue,WB,HIT_BUT_BEST_WRONG
709,yellow,WB,HIT_BUT_BEST_WRONG
710,yellow,WB,HIT_BUT_BEST_WRONG
733,yellow,WB,HIT_BUT_BEST_WRONG
739,yellow,WB,TOO_SMALL
740,yellow,WB,TOO_SMALL
793,yellow,WB,HIT_BUT_BEST_WRONG
797,yellow,WB,HIT_BUT_BEST_WRONG
798,yellow,WB,HIT_BUT_BEST_WRONG
799,yellow,WB,HIT_BUT_BEST_WRONG
800,yellow,WB,HIT_BUT_BEST_WRONG
801,yellow,WB,HIT_BUT_BEST_WRONG
802,yellow,WB,HIT_BUT_BEST_WRONG
803,yellow,WB,HIT_BUT_BEST_WRONG
804,yellow,WB,HIT_BUT_BEST_WRONG
